{
  "q_table": [-0.782758, 0.236118, -0.686266, 0.054436, -0.850607, -0.747731, 0.019354, 0.171518, -0.732690, 0.602668, 0.048075, -0.743589, 0.000000, 0.000000, 0.000000, 0.000000, 0.000000, 0.000000, 0.000000, 0.000000, 0.103007, 0.654575, -0.775891, -0.664815, 0.000000, 0.000000, 0.000000, 0.000000, 0.368311, 0.809958, -0.347431, -0.327856, 0.000000, 0.000000, 0.000000, 0.000000, 0.000000, 0.000000, 0.000000, 0.000000, 0.581463, 0.587316, -0.344318, 0.728999, -0.271862, -0.271381, 0.655642, 0.809999, 0.728588, 0.728920, 0.728818, 0.899999, -0.100108, -0.100177, 0.809891, 1.000000, 0.000000, 0.000000, 0.000000, 0.000000, 0.656099, 0.530997, -0.412444, -0.410818, 0.000000, 0.000000, 0.000000, 0.000000, 0.809999, 0.548928, -0.293316, -0.289324, 0.000000, 0.000000, 0.000000, 0.000000, 0.794109, 0.037992, -0.354326, -0.326635, 0.590489, -0.469624, -0.471411, 0.585082, -0.606188, -0.691599, 0.395061, 0.654838, 0.728866, -0.486036, 0.275990, 0.259788, -0.784410, -0.752075, 0.453794, 0.200799, 0.438839, -0.593747, 0.025504, -0.595639],
  "states": 25,
  "actions": 4
}
